{"cameraMode":{"drawMode":0,"name":"Shaded","section":"Shading Mode"},"sceneLighting":true,"audioPlay":false,"sceneViewState":{"m_AlwaysRefresh":false,"showFog":true,"showSkybox":true,"showFlares":true,"showImageEffects":true,"showParticleSystems":true,"showVisualEffectGraphs":true,"m_FxEnabled":true},"in2DMode":false,"pivot":{"x":17.621267318725587,"y":-69.32117462158203,"z":34.87929153442383},"rotation":{"x":0.48713698983192446,"y":0.2301388382911682,"z":-0.13949696719646455,"w":0.8319272994995117},"size":46.750118255615237,"orthographic":false}